errorCode;orderNumber;orderStatus;actionCode;actionCodeDescription;amount;currency;date;orderDescription;ip;bankCountryCode;bankCountryName;
0;66520fd18c76594d89adf0de;2;0;Request processed successfully;26894;643;1414485649233;Opisanie;51.229.34.170;DZ;Algeria;
0;57drs0Pes459Hdsddd0567a1;2;0;Request processed successfully;22561;643;1414485649233;Opisanie;36.47.37.144;DZ;Algeria;
0;57drs0Pes459Hdsddd0567a2;2;0;Request processed successfully;30747;643;1414485649233;Opisanie;147.192.242.83;DZ;Algeria;
0;57drs0Pes459Hdsddd0567a3;2;0;Request processed successfully;48177;643;1414485649233;Opisanie;95.3.148.192;DZ;Algeria;
0;57drs0Pes459Hdsddd0567a4;2;0;Request processed successfully;45978;643;1414485649233;Opisanie;213.224.91.248;DZ;Algeria;
0;7cae2dfad0e1579da35afe2e;2;0;Request processed successfully;40354;643;1414485649233;Opisanie;54.20.118.21;DZ;Algeria;
0;55e17aeb96d15c00b3cd9d32;2;0;Request processed successfully;4703;643;1414485649233;Opisanie;79.68.63.218;DZ;Algeria;
0;d44c86d61d7c56c9a687abe6;2;0;Request processed successfully;53639;643;1414485649233;Opisanie;202.76.225.78;DZ;Algeria;
0;a8d9e9e7bb7b58ac8d7927a3;2;0;Request processed successfully;65015;643;1414485649233;Opisanie;233.207.45.100;DZ;Algeria;
0;ac0e2f68c4dd545eb82e3cd4;2;0;Request processed successfully;32286;643;1414485649233;Opisanie;146.232.1.248;DZ;Algeria;
0;e32265ca83535bfd9fd5db37;2;0;Request processed successfully;17094;643;1414485649233;Opisanie;157.98.35.147;DZ;Algeria;
0;d3755ba45a875075acfd9467;2;0;Request processed successfully;7630;643;1414485649233;Opisanie;170.126.123.84;DZ;Algeria;
0;0d932113fa6e586eb694286b;2;0;Request processed successfully;12598;643;1414485649233;Opisanie;247.34.195.78;DZ;Algeria;
0;e772ee9b464953bb89ef0725;2;0;Request processed successfully;30508;643;1414485649233;Opisanie;142.105.174.115;DZ;Algeria;
0;0468959bcaec50628d45c76d;2;0;Request processed successfully;657;643;1414485649233;Opisanie;147.173.81.35;DZ;Algeria;
0;d1dcf0fa122552178e6d42e5;2;0;Request processed successfully;45693;643;1414485649233;Opisanie;130.47.252.244;DZ;Algeria;
0;a871782610f753f1999f75ae;2;0;Request processed successfully;39413;643;1414485649233;Opisanie;220.43.157.1;DZ;Algeria;
0;a04c338634ad5dd28cdb3087;2;0;Request processed successfully;36003;643;1414485649233;Opisanie;124.239.144.83;DZ;Algeria;
0;a78cfe35bb8e530a823bde0a;2;0;Request processed successfully;31072;643;1414485649233;Opisanie;63.159.165.216;DZ;Algeria;
0;5728174f371f5c49baa128a6;2;0;Request processed successfully;53581;643;1414485649233;Opisanie;114.178.26.176;DZ;Algeria;
0;258f3b54053d5a17b8ad5e17;2;0;Request processed successfully;23104;643;1414485649233;Opisanie;132.108.31.143;DZ;Algeria;
0;cbe770fd033256bd9e882d3b;2;0;Request processed successfully;23333;643;1414485649233;Opisanie;203.217.10.214;DZ;Algeria;
0;326b81b0c0cf523a892d6d83;2;0;Request processed successfully;3610;643;1414485649233;Opisanie;60.89.134.72;DZ;Algeria;
0;1c8da355e312567484799d23;2;0;Request processed successfully;23987;643;1414485649233;Opisanie;175.254.120.235;DZ;Algeria;
0;39a2e45811af53a282d96e94;2;0;Request processed successfully;14789;643;1414485649233;Opisanie;78.193.25.188;DZ;Algeria;
0;a02167eb298356828b1667a3;2;0;Request processed successfully;23675;643;1414485649233;Opisanie;249.96.170.203;DZ;Algeria;
0;0de741548df45d7b95bce969;2;0;Request processed successfully;16942;643;1414485649233;Opisanie;234.178.48.84;DZ;Algeria;
0;26e8af572ed457f8a6415532;2;0;Request processed successfully;44435;643;1414485649233;Opisanie;84.65.161.45;DZ;Algeria;
0;daab35b8d1f451c88a7a051d;2;0;Request processed successfully;23628;643;1414485649233;Opisanie;34.184.16.131;DZ;Algeria;
0;4014231497a75f90b44030c0;2;0;Request processed successfully;32222;643;1414485649233;Opisanie;148.182.44.199;DZ;Algeria;
0;4692dec10f3c59dc94e16cb1;2;0;Request processed successfully;42856;643;1414485649233;Opisanie;206.54.130.210;DZ;Algeria;
0;c5aeb07e2312515da262672b;2;0;Request processed successfully;24303;643;1414485649233;Opisanie;89.137.226.109;DZ;Algeria;
0;78c30126c0eb586185edd80e;2;0;Request processed successfully;57694;643;1414485649233;Opisanie;63.3.146.210;DZ;Algeria;
0;c4f39975c2ac573db053729d;2;0;Request processed successfully;40206;643;1414485649233;Opisanie;90.184.238.127;DZ;Algeria;
0;c58f58278c835c47ad166f0b;2;0;Request processed successfully;13685;643;1414485649233;Opisanie;100.244.221.209;DZ;Algeria;
0;7afc79dfa41f591fb1010d86;2;0;Request processed successfully;54742;643;1414485649233;Opisanie;208.69.151.184;DZ;Algeria;
0;c563b33fb7e45569b1e5003d;2;0;Request processed successfully;23244;643;1414485649233;Opisanie;91.166.35.233;DZ;Algeria;
0;c4280390bb615379ad9926bb;2;0;Request processed successfully;34444;643;1414485649233;Opisanie;146.22.119.67;DZ;Algeria;
0;c57d92671f9052a6aa772230;2;0;Request processed successfully;43192;643;1414485649233;Opisanie;190.111.5.250;DZ;Algeria;
0;154d36cb34c751788823c07d;2;0;Request processed successfully;53528;643;1414485649233;Opisanie;35.102.139.66;DZ;Algeria;
0;ddfa04d8aa16592ca6703042;2;0;Request processed successfully;51740;643;1414485649233;Opisanie;56.119.59.71;DZ;Algeria;
0;fbea81d1b3e452e4a9e028ea;2;0;Request processed successfully;54679;643;1414485649233;Opisanie;36.130.168.130;DZ;Algeria;
0;991b2f42f1665ce59f445fee;2;0;Request processed successfully;6251;643;1414485649233;Opisanie;128.201.236.113;DZ;Algeria;
0;ca1a2256cedd55a89e7dbb15;2;0;Request processed successfully;13423;643;1414485649233;Opisanie;104.215.66.81;DZ;Algeria;
0;b44a80b513855d7b899e42b0;2;0;Request processed successfully;26123;643;1414485649233;Opisanie;24.222.68.32;DZ;Algeria;
0;308682af1edd5988afc7cad4;2;0;Request processed successfully;55458;643;1414485649233;Opisanie;143.168.129.23;DZ;Algeria;
0;12fcf88b8db85d8a8be22b30;2;0;Request processed successfully;47142;643;1414485649233;Opisanie;21.153.65.209;DZ;Algeria;
0;2368200dd09158a788d1ee3a;2;0;Request processed successfully;28072;643;1414485649233;Opisanie;80.76.125.185;DZ;Algeria;
0;d0e7885a8b4b5f37abf8d871;2;0;Request processed successfully;64449;643;1414485649233;Opisanie;248.191.254.45;DZ;Algeria;
0;367b5faa82545dd1b2be775f;2;0;Request processed successfully;49090;643;1414485649233;Opisanie;188.80.25.110;DZ;Algeria;
0;d4408b8198f450a8a4385b60;2;0;Request processed successfully;18441;643;1414485649233;Opisanie;14.132.236.77;DZ;Algeria;
0;f1e2729c73a15c4295a958b1;2;0;Request processed successfully;62616;643;1414485649233;Opisanie;64.97.40.253;DZ;Algeria;
0;9da1ecd7cd7255bbbec7a2c6;2;0;Request processed successfully;6510;643;1414485649233;Opisanie;45.153.59.4;DZ;Algeria;
0;214e06e181bc5b7ba8a986a1;2;0;Request processed successfully;11322;643;1414485649233;Opisanie;186.255.67.35;DZ;Algeria;
0;5fdeb4146f165c0b880bcaff;2;0;Request processed successfully;20265;643;1414485649233;Opisanie;115.194.86.123;DZ;Algeria;
0;661cfbbfe62c57f3a05a5619;2;0;Request processed successfully;35513;643;1414485649233;Opisanie;232.200.81.11;DZ;Algeria;
0;d791d5019b0850e381ebec51;2;0;Request processed successfully;53765;643;1414485649233;Opisanie;117.84.75.177;DZ;Algeria;
0;a7962abd55585753a299bdc4;2;0;Request processed successfully;63067;643;1414485649233;Opisanie;11.54.157.185;DZ;Algeria;
0;13a1fbf0bf3953449c0874c6;2;0;Request processed successfully;51085;643;1414485649233;Opisanie;120.249.227.20;DZ;Algeria;
0;f5dca0b9ff8a5362946b652e;2;0;Request processed successfully;44525;643;1414485649233;Opisanie;209.161.132.161;DZ;Algeria;
0;8f2cdc51817155d28542f94f;2;0;Request processed successfully;24532;643;1414485649233;Opisanie;16.242.76.106;DZ;Algeria;
0;ce95d789a13251ef99e122bb;2;0;Request processed successfully;56576;643;1414485649233;Opisanie;208.158.11.176;DZ;Algeria;
0;e3eee54c77715bd8814c73a0;2;0;Request processed successfully;41020;643;1414485649233;Opisanie;136.217.203.66;DZ;Algeria;
0;18d735071cd45735b6a14b61;2;0;Request processed successfully;57246;643;1414485649233;Opisanie;63.161.109.226;DZ;Algeria;
0;f2b6357b86205ce88205210e;2;0;Request processed successfully;16413;643;1414485649233;Opisanie;88.163.113.240;DZ;Algeria;
0;cd07b72bd3f75f90a8878e42;2;0;Request processed successfully;21667;643;1414485649233;Opisanie;206.46.32.76;DZ;Algeria;
0;20ee66ccf0b75dfdaeaf37a5;2;0;Request processed successfully;49667;643;1414485649233;Opisanie;175.126.105.28;DZ;Algeria;
0;84a645d956e652e5854d9b36;2;0;Request processed successfully;64619;643;1414485649233;Opisanie;29.230.130.106;DZ;Algeria;
0;9e8af3b585f25008a6b56a3e;2;0;Request processed successfully;2288;643;1414485649233;Opisanie;189.91.30.117;DZ;Algeria;
0;3a0e26c23b71551fa3d19ada;2;0;Request processed successfully;48437;643;1414485649233;Opisanie;251.93.127.119;DZ;Algeria;
0;d1d777cb61605ef6a4028140;2;0;Request processed successfully;21806;643;1414485649233;Opisanie;70.6.250.132;DZ;Algeria;
0;34607c7db1c955d59818c1e0;2;0;Request processed successfully;56707;643;1414485649233;Opisanie;193.250.151.127;DZ;Algeria;
0;7ae6a1eb47c651c7a0ec542a;2;0;Request processed successfully;26795;643;1414485649233;Opisanie;140.17.72.245;DZ;Algeria;
0;8d1092ac89ae5ee7b41a7f55;2;0;Request processed successfully;26813;643;1414485649233;Opisanie;224.73.243.64;DZ;Algeria;
0;4eef2c2697d55b72ba0eff5e;2;0;Request processed successfully;8511;643;1414485649233;Opisanie;135.45.97.118;DZ;Algeria;
0;09d12553a2735da28a208847;2;0;Request processed successfully;47875;643;1414485649233;Opisanie;234.60.246.22;DZ;Algeria;
0;dedff7af946f5b3886016f99;2;0;Request processed successfully;15470;643;1414485649233;Opisanie;146.141.177.54;DZ;Algeria;
0;e27b38bc58cc5b3f92ba309c;2;0;Request processed successfully;35763;643;1414485649233;Opisanie;202.19.133.67;DZ;Algeria;
0;07c082455aa65f199d28a19e;2;0;Request processed successfully;15369;643;1414485649233;Opisanie;180.31.171.4;DZ;Algeria;
0;f3eb317ba35e5c30b0c2b1ed;2;0;Request processed successfully;17982;643;1414485649233;Opisanie;213.110.188.182;DZ;Algeria;
0;b65faef647c255728d2e10d3;2;0;Request processed successfully;43382;643;1414485649233;Opisanie;178.157.169.37;DZ;Algeria;
0;9aa77352ae5d5604b57ef8ed;2;0;Request processed successfully;57992;643;1414485649233;Opisanie;8.13.174.246;DZ;Algeria;
0;f8ff83546d935340939d81c7;2;0;Request processed successfully;27076;643;1414485649233;Opisanie;71.214.118.24;DZ;Algeria;
0;66e76c14e98b5bc5b1914287;2;0;Request processed successfully;40502;643;1414485649233;Opisanie;249.179.215.190;DZ;Algeria;
0;45d618534ec95004bbddc8dd;2;0;Request processed successfully;6969;643;1414485649233;Opisanie;51.76.229.107;DZ;Algeria;
0;6acbd18332df5fbe8c83a61e;2;0;Request processed successfully;24418;643;1414485649233;Opisanie;235.117.120.22;DZ;Algeria;
0;8e99b5dbc0d35a4e8f5a0546;2;0;Request processed successfully;61097;643;1414485649233;Opisanie;56.101.196.90;DZ;Algeria;
0;7a9ba12b7ab25725bfdfbc81;2;0;Request processed successfully;34912;643;1414485649233;Opisanie;70.105.105.190;DZ;Algeria;
0;2f14a4da44705a6c9fc12779;2;0;Request processed successfully;56340;643;1414485649233;Opisanie;235.52.120.90;DZ;Algeria;
0;ddf16a3bff4c5a38b1fb7fdb;2;0;Request processed successfully;63843;643;1414485649233;Opisanie;117.10.140.68;DZ;Algeria;
0;13592e816d3352008c18697b;2;0;Request processed successfully;62729;643;1414485649233;Opisanie;36.70.22.112;DZ;Algeria;
0;6a21f7582ea755bdaa9261e5;2;0;Request processed successfully;4446;643;1414485649233;Opisanie;33.195.100.245;DZ;Algeria;
0;8e532301505751b78b2ab4e9;2;0;Request processed successfully;32820;643;1414485649233;Opisanie;37.27.230.250;DZ;Algeria;
0;ea34570dde91579497221e39;2;0;Request processed successfully;1539;643;1414485649233;Opisanie;185.203.192.28;DZ;Algeria;
0;3c353a6689e050fcbde38123;2;0;Request processed successfully;9641;643;1414485649233;Opisanie;232.21.46.38;DZ;Algeria;
0;23b44f5d117a54d1a664f7e7;2;0;Request processed successfully;31737;643;1414485649233;Opisanie;248.173.79.162;DZ;Algeria;
0;4168ea0b8a035329bcfbbfc0;2;0;Request processed successfully;10717;643;1414485649233;Opisanie;186.243.245.184;DZ;Algeria;
0;bb975790cb6f53fa8fed8022;2;0;Request processed successfully;40645;643;1414485649233;Opisanie;154.240.2.70;DZ;Algeria;
0;942fa4f6d6655a67a6a795d8;2;0;Request processed successfully;9730;643;1414485649233;Opisanie;81.232.31.133;DZ;Algeria;
0;9b8f6e5a57475ff19dae9109;2;0;Request processed successfully;35731;643;1414485649233;Opisanie;54.212.242.15;DZ;Algeria;
0;36931f6fd36e5ba5a22fe0e1;2;0;Request processed successfully;33752;643;1414485649233;Opisanie;76.27.9.132;DZ;Algeria;
0;3b25c274611a5f3cbff13816;2;0;Request processed successfully;16040;643;1414485649233;Opisanie;161.17.171.239;DZ;Algeria;
0;e39dec3d5294521eab9f2d09;2;0;Request processed successfully;62721;643;1414485649233;Opisanie;153.209.84.125;DZ;Algeria;
0;7079306e33d15252bc2787eb;2;0;Request processed successfully;10492;643;1414485649233;Opisanie;100.86.29.129;DZ;Algeria;
0;c8ba8eeeea1854b1ae6f731d;2;0;Request processed successfully;50349;643;1414485649233;Opisanie;206.235.62.147;DZ;Algeria;
0;1481093b80235edb9f52ad5b;2;0;Request processed successfully;48444;643;1414485649233;Opisanie;228.29.74.40;DZ;Algeria;
0;03358cd775845007a79eacd3;2;0;Request processed successfully;6151;643;1414485649233;Opisanie;224.12.74.160;DZ;Algeria;
0;122bb0b1f7a35506ae19344d;2;0;Request processed successfully;53555;643;1414485649233;Opisanie;94.247.110.240;DZ;Algeria;
0;49cd3ec3d2b553388fa47f75;2;0;Request processed successfully;70;643;1414485649233;Opisanie;202.178.123.75;DZ;Algeria;
0;3a0ba25eda5f538bb92e4cca;2;0;Request processed successfully;38488;643;1414485649233;Opisanie;28.0.101.231;DZ;Algeria;
0;b54901f9c74958249fe7c27e;2;0;Request processed successfully;48241;643;1414485649233;Opisanie;111.88.109.72;DZ;Algeria;
0;eee7a70fde625827931f17f3;2;0;Request processed successfully;60077;643;1414485649233;Opisanie;145.212.112.200;DZ;Algeria;
0;eb4575be1a6d5ab0895f8255;2;0;Request processed successfully;30201;643;1414485649233;Opisanie;230.185.106.126;DZ;Algeria;
0;13fa9007b88356e09a81449a;2;0;Request processed successfully;57005;643;1414485649233;Opisanie;181.74.90.147;DZ;Algeria;
0;fc20d543e5a45455bf2834b7;2;0;Request processed successfully;4981;643;1414485649233;Opisanie;120.242.235.65;DZ;Algeria;
0;ac89bc77379351b3aea1d2c5;2;0;Request processed successfully;36367;643;1414485649233;Opisanie;235.86.138.181;DZ;Algeria;
0;e351ccc9784b575f89f123d5;2;0;Request processed successfully;29462;643;1414485649233;Opisanie;43.93.133.180;DZ;Algeria;
0;4d8ba34f1514574b8b765fa5;2;0;Request processed successfully;58340;643;1414485649233;Opisanie;20.146.232.63;DZ;Algeria;
0;7c3e1e2fde5659e09d6890db;2;0;Request processed successfully;38685;643;1414485649233;Opisanie;23.142.37.190;DZ;Algeria;
0;0a8fdccfb677500d94e5a4dc;2;0;Request processed successfully;59499;643;1414485649233;Opisanie;17.53.150.144;DZ;Algeria;
0;6d4bf074b6a35e3b81a50982;2;0;Request processed successfully;24339;643;1414485649233;Opisanie;235.108.94.190;DZ;Algeria;
0;41752486ffcc5deb93d0cc00;2;0;Request processed successfully;49320;643;1414485649233;Opisanie;88.65.176.100;DZ;Algeria;
0;985ecd27a67351249e9e7bed;2;0;Request processed successfully;52078;643;1414485649233;Opisanie;87.39.25.231;DZ;Algeria;
0;e8aa79a5cefe595e98431fb9;2;0;Request processed successfully;41270;643;1414485649233;Opisanie;124.113.251.148;DZ;Algeria;
0;73b2184f63f9515c8dbeb350;2;0;Request processed successfully;25382;643;1414485649233;Opisanie;44.144.89.52;DZ;Algeria;
0;2b27247ec59651728a39e413;2;0;Request processed successfully;46724;643;1414485649233;Opisanie;16.205.149.33;DZ;Algeria;
0;526af7830e325d0b990a8eeb;2;0;Request processed successfully;43783;643;1414485649233;Opisanie;5.212.123.62;DZ;Algeria;
0;4d8b11a8df4453a08954c599;2;0;Request processed successfully;13300;643;1414485649233;Opisanie;247.183.203.19;DZ;Algeria;
0;e31e05eaca295d0fb3c72cfc;2;0;Request processed successfully;54070;643;1414485649233;Opisanie;51.173.244.185;DZ;Algeria;
0;a6ac5ae7bd4b565487622ddd;2;0;Request processed successfully;26229;643;1414485649233;Opisanie;176.220.214.35;DZ;Algeria;
0;2238771d80fa5cf59baf9187;2;0;Request processed successfully;38222;643;1414485649233;Opisanie;55.225.209.57;DZ;Algeria;
0;e1a15b7ebf3255f9a604f883;2;0;Request processed successfully;20900;643;1414485649233;Opisanie;8.31.120.112;DZ;Algeria;
0;db885a4f998c5cac8853b70e;2;0;Request processed successfully;31204;643;1414485649233;Opisanie;62.115.3.12;DZ;Algeria;
0;e4f66cc841ae599eb20deae2;2;0;Request processed successfully;39576;643;1414485649233;Opisanie;146.17.128.129;DZ;Algeria;
0;07735597cde159e0ad9fc9ec;2;0;Request processed successfully;23724;643;1414485649233;Opisanie;18.39.81.249;DZ;Algeria;
0;4a7ad26c65cd53c388812f55;2;0;Request processed successfully;50040;643;1414485649233;Opisanie;84.126.93.21;DZ;Algeria;
0;a5645dc958ec5a9ab31d42d1;2;0;Request processed successfully;10148;643;1414485649233;Opisanie;80.156.161.250;DZ;Algeria;
0;edaf5d2ad4fa58c79348f46f;2;0;Request processed successfully;55550;643;1414485649233;Opisanie;95.223.63.94;DZ;Algeria;
0;d5db3a57e6f050c8bb39c18e;2;0;Request processed successfully;4952;643;1414485649233;Opisanie;194.34.58.163;DZ;Algeria;
0;6e24d6331a60579da96bc787;2;0;Request processed successfully;58400;643;1414485649233;Opisanie;13.11.175.21;DZ;Algeria;
0;5c09a4b5e44a5b5e8d110714;2;0;Request processed successfully;39486;643;1414485649233;Opisanie;55.71.73.147;DZ;Algeria;
0;329636e1e95c5cc28eeb2192;2;0;Request processed successfully;45956;643;1414485649233;Opisanie;58.159.91.191;DZ;Algeria;
0;5551675115645ac68781bb41;2;0;Request processed successfully;7122;643;1414485649233;Opisanie;89.39.152.227;DZ;Algeria;
0;811ebc3927f25b3693c482ee;2;0;Request processed successfully;11067;643;1414485649233;Opisanie;115.16.183.174;DZ;Algeria;
0;6879bc44a47a508f861bb140;2;0;Request processed successfully;25775;643;1414485649233;Opisanie;172.228.203.193;DZ;Algeria;
0;7001413612485fd4a2b71004;2;0;Request processed successfully;4461;643;1414485649233;Opisanie;134.233.146.80;DZ;Algeria;
0;b3096f4ead2b5a60b31190dd;2;0;Request processed successfully;21648;643;1414485649233;Opisanie;57.16.68.34;DZ;Algeria;
0;a6b814afd28654fc8890a911;2;0;Request processed successfully;17397;643;1414485649233;Opisanie;78.104.254.156;DZ;Algeria;
0;961f0b5c01645169a7c8f77b;2;0;Request processed successfully;52938;643;1414485649233;Opisanie;242.62.246.19;DZ;Algeria;
0;f6f57e8c05505941a4b7dfbb;2;0;Request processed successfully;41757;643;1414485649233;Opisanie;140.117.158.170;DZ;Algeria;
0;5785f472d9805b9a8a6a96cb;2;0;Request processed successfully;3014;643;1414485649233;Opisanie;68.171.131.160;DZ;Algeria;
0;12bf86d77eb95cf29fbe8204;2;0;Request processed successfully;14081;643;1414485649233;Opisanie;92.103.121.86;DZ;Algeria;
0;0c6a37b0e89a5f28b7f249da;2;0;Request processed successfully;60532;643;1414485649233;Opisanie;60.223.111.68;DZ;Algeria;
0;f3554fbd050b5224934a8876;2;0;Request processed successfully;62806;643;1414485649233;Opisanie;190.148.38.33;DZ;Algeria;
0;f33db309c01c5ef5a7cbf675;2;0;Request processed successfully;48483;643;1414485649233;Opisanie;251.91.51.57;DZ;Algeria;
0;e2183139efbe526493de2321;2;0;Request processed successfully;27644;643;1414485649233;Opisanie;146.5.204.108;DZ;Algeria;
0;8091f8ec9a775e5bb846aa31;2;0;Request processed successfully;6755;643;1414485649233;Opisanie;119.226.14.248;DZ;Algeria;
0;8a7019862a8c5d828ca1fc36;2;0;Request processed successfully;10126;643;1414485649233;Opisanie;106.67.114.29;DZ;Algeria;
0;e74303bbce1f54eaa119deba;2;0;Request processed successfully;54397;643;1414485649233;Opisanie;102.29.70.190;DZ;Algeria;
0;d18c5c0983d957249c68e8e8;2;0;Request processed successfully;37573;643;1414485649233;Opisanie;121.57.233.202;DZ;Algeria;
0;a9f506fc88435dea95af57a5;2;0;Request processed successfully;61434;643;1414485649233;Opisanie;74.204.157.114;DZ;Algeria;
0;66363e1b446f545782498a85;2;0;Request processed successfully;65374;643;1414485649233;Opisanie;52.17.230.73;DZ;Algeria;
0;0064429c64775db59e2090fa;2;0;Request processed successfully;31228;643;1414485649233;Opisanie;129.184.240.18;DZ;Algeria;
0;ba64ec27b15850469b1e78df;2;0;Request processed successfully;15375;643;1414485649233;Opisanie;40.245.84.33;DZ;Algeria;
0;45db5723b0d8542bae1d6575;2;0;Request processed successfully;42724;643;1414485649233;Opisanie;32.13.210.190;DZ;Algeria;
0;6f04b116f3665f83bb5e94bc;2;0;Request processed successfully;10536;643;1414485649233;Opisanie;101.184.110.135;DZ;Algeria;
0;55ddd35ac9c25914be252b38;2;0;Request processed successfully;31247;643;1414485649233;Opisanie;119.248.135.16;DZ;Algeria;
0;aafedf01c9dc59cd83c195bb;2;0;Request processed successfully;27401;643;1414485649233;Opisanie;155.145.243.79;DZ;Algeria;
0;f48222a3d8f059f7a1cc233f;2;0;Request processed successfully;27289;643;1414485649233;Opisanie;14.217.75.96;DZ;Algeria;
0;609455dcf7eb547c81f784ae;2;0;Request processed successfully;45282;643;1414485649233;Opisanie;62.64.55.5;DZ;Algeria;
0;67ea39e2bd4858c4af16a833;2;0;Request processed successfully;59957;643;1414485649233;Opisanie;59.234.247.216;DZ;Algeria;
0;bfd2b1cf485750c295235bb3;2;0;Request processed successfully;60140;643;1414485649233;Opisanie;30.8.150.185;DZ;Algeria;
0;45d27f1e098750a89e3ba5be;2;0;Request processed successfully;62417;643;1414485649233;Opisanie;68.196.240.121;DZ;Algeria;
0;050c90720f185542a3dcb6a7;2;0;Request processed successfully;15487;643;1414485649233;Opisanie;212.185.179.10;DZ;Algeria;
0;9db75876c54a5ed3ace4f5e5;2;0;Request processed successfully;34360;643;1414485649233;Opisanie;213.153.55.132;DZ;Algeria;
0;6623b2f5fd6e53088b5f373e;2;0;Request processed successfully;9452;643;1414485649233;Opisanie;169.35.56.226;DZ;Algeria;
0;2f58d9dba4b35efa9ea288cd;2;0;Request processed successfully;42140;643;1414485649233;Opisanie;231.148.100.62;DZ;Algeria;
0;fa43c14d9a70528291ab51a0;2;0;Request processed successfully;54973;643;1414485649233;Opisanie;211.57.161.32;DZ;Algeria;
0;9e3a1cca960153acac885252;2;0;Request processed successfully;50899;643;1414485649233;Opisanie;155.45.234.146;DZ;Algeria;
0;8efecc5cce9e515e804b6928;2;0;Request processed successfully;16433;643;1414485649233;Opisanie;218.121.247.94;DZ;Algeria;
0;5b7fe9bf76cf597f8cf1d0b0;2;0;Request processed successfully;60670;643;1414485649233;Opisanie;205.136.193.125;DZ;Algeria;
0;d1ada75ff9a55eb1bcfb162d;2;0;Request processed successfully;30839;643;1414485649233;Opisanie;109.25.97.250;DZ;Algeria;
0;abf9ea51dd3a5c98ab8b7954;2;0;Request processed successfully;6354;643;1414485649233;Opisanie;224.21.108.104;DZ;Algeria;
0;a64f3be8b9f5504e9ee61482;2;0;Request processed successfully;19512;643;1414485649233;Opisanie;106.54.191.27;DZ;Algeria;
0;d7d8f8e36d375ea9a8fadf78;2;0;Request processed successfully;37451;643;1414485649233;Opisanie;165.167.147.4;DZ;Algeria;
0;62171eb752fe55b3894196c3;2;0;Request processed successfully;27795;643;1414485649233;Opisanie;223.14.28.111;DZ;Algeria;
0;856383247410597d9041bdb7;2;0;Request processed successfully;27773;643;1414485649233;Opisanie;72.120.169.236;DZ;Algeria;
0;0d91024ab0b6545c8280943f;2;0;Request processed successfully;37813;643;1414485649233;Opisanie;104.94.117.59;DZ;Algeria;
0;172b1be5351c574f960286dd;2;0;Request processed successfully;62590;643;1414485649233;Opisanie;220.7.181.232;DZ;Algeria;
0;c47ac24da6a459538e199387;2;0;Request processed successfully;49255;643;1414485649233;Opisanie;163.84.149.16;DZ;Algeria;
0;49f8524d25b35e56bd24359b;2;0;Request processed successfully;18942;643;1414485649233;Opisanie;188.59.86.77;DZ;Algeria;
0;1043453282715dc4a135e8b4;2;0;Request processed successfully;23588;643;1414485649233;Opisanie;16.119.95.170;DZ;Algeria;
0;78bb4adb8dea5800b8cb3232;2;0;Request processed successfully;24486;643;1414485649233;Opisanie;199.191.111.56;DZ;Algeria;
0;c26ebedf91545ff59c79ce67;2;0;Request processed successfully;38610;643;1414485649233;Opisanie;76.6.220.220;DZ;Algeria;
0;e6f6ec42f3c15a889cd09e70;2;0;Request processed successfully;63476;643;1414485649233;Opisanie;128.114.247.207;DZ;Algeria;
0;54af388ce8455987afe8b367;2;0;Request processed successfully;57238;643;1414485649233;Opisanie;85.213.156.97;DZ;Algeria;
0;78f037f5f10250c0a50bafec;2;0;Request processed successfully;55935;643;1414485649233;Opisanie;85.14.156.184;DZ;Algeria;
0;e7f7aa66e6ee506d8ad21c00;2;0;Request processed successfully;27232;643;1414485649233;Opisanie;28.231.245.173;DZ;Algeria;
0;0af3507f3ff65012aba4225d;2;0;Request processed successfully;17919;643;1414485649233;Opisanie;245.29.3.152;DZ;Algeria;
0;e4e55f2063bb562e93880fb2;2;0;Request processed successfully;65118;643;1414485649233;Opisanie;251.154.104.123;DZ;Algeria;
0;a5956d05eef351419aed32be;2;0;Request processed successfully;10983;643;1414485649233;Opisanie;166.215.160.136;DZ;Algeria;
0;eef1a41e31365bb49b3b58ef;2;0;Request processed successfully;57314;643;1414485649233;Opisanie;136.79.241.142;DZ;Algeria;
0;f0f12b13b70b5316b116f669;2;0;Request processed successfully;8928;643;1414485649233;Opisanie;78.187.243.43;DZ;Algeria;
0;e93e55dc6ac55059861c52d8;2;0;Request processed successfully;490;643;1414485649233;Opisanie;144.113.221.8;DZ;Algeria;
0;2cf1a5a59c61501f8a6978b5;2;0;Request processed successfully;47321;643;1414485649233;Opisanie;87.189.98.148;DZ;Algeria;
0;2682836395f453b2ae7b40c9;2;0;Request processed successfully;39238;643;1414485649233;Opisanie;145.163.172.154;DZ;Algeria;
0;c905707bc9675f0b94d51e20;2;0;Request processed successfully;6904;643;1414485649233;Opisanie;165.247.6.80;DZ;Algeria;
0;c30a5011907f5e1c8e8d3d07;2;0;Request processed successfully;40635;643;1414485649233;Opisanie;190.141.60.252;DZ;Algeria;
0;57de32d17aa15afe84cb08bc;2;0;Request processed successfully;51533;643;1414485649233;Opisanie;121.206.82.117;DZ;Algeria;
0;b7fd7b8348595a84a93246ed;2;0;Request processed successfully;14888;643;1414485649233;Opisanie;62.162.246.72;DZ;Algeria;
0;4b8dd704bdec58feaf7318d6;2;0;Request processed successfully;52803;643;1414485649233;Opisanie;22.123.215.225;DZ;Algeria;
0;df651523f38257a7b7af3e32;2;0;Request processed successfully;33498;643;1414485649233;Opisanie;65.222.59.107;DZ;Algeria;
0;ab85a9b1d8735758b24fa340;2;0;Request processed successfully;32171;643;1414485649233;Opisanie;92.99.45.247;DZ;Algeria;
0;d68cfeb167b157abb7a853ef;2;0;Request processed successfully;27055;643;1414485649233;Opisanie;104.204.76.182;DZ;Algeria;
0;ef779609b8c052258467d58a;2;0;Request processed successfully;27155;643;1414485649233;Opisanie;26.99.127.61;DZ;Algeria;
0;6e2b0679b3c65239b302e829;2;0;Request processed successfully;47437;643;1414485649233;Opisanie;225.181.50.146;DZ;Algeria;
0;203893068653554183b58c9e;2;0;Request processed successfully;36882;643;1414485649233;Opisanie;238.103.113.50;DZ;Algeria;
0;5e0166d19a5656058d14f83a;2;0;Request processed successfully;49272;643;1414485649233;Opisanie;4.12.92.34;DZ;Algeria;
0;fdb6c10542ec5a36b59d082b;2;0;Request processed successfully;34659;643;1414485649233;Opisanie;34.219.208.127;DZ;Algeria;
0;dc4ec7a90cc55770b4fab701;2;0;Request processed successfully;7680;643;1414485649233;Opisanie;70.215.168.160;DZ;Algeria;
0;593963c7b7c654679a1bfafe;2;0;Request processed successfully;7950;643;1414485649233;Opisanie;175.220.65.53;DZ;Algeria;
0;def2627d63065b93bd09e459;2;0;Request processed successfully;8389;643;1414485649233;Opisanie;180.224.8.85;DZ;Algeria;
0;13d537b71875531db594c5e3;2;0;Request processed successfully;40624;643;1414485649233;Opisanie;254.148.211.97;DZ;Algeria;
0;95ccf477378c5bf3bfedc860;2;0;Request processed successfully;5893;643;1414485649233;Opisanie;237.125.107.12;DZ;Algeria;
0;3df66aef3496514989418ef0;2;0;Request processed successfully;38891;643;1414485649233;Opisanie;147.26.8.202;DZ;Algeria;
0;096f13b12bf95a1fbc4a142b;2;0;Request processed successfully;46668;643;1414485649233;Opisanie;139.2.57.116;DZ;Algeria;
0;cf4633fdda575ae186ba5f08;2;0;Request processed successfully;22496;643;1414485649233;Opisanie;17.37.159.148;DZ;Algeria;
0;51b21851f6b1582f8feb9c7b;2;0;Request processed successfully;4276;643;1414485649233;Opisanie;240.189.123.44;DZ;Algeria;
0;a2637decb3d05b3d91e5c6b9;2;0;Request processed successfully;12203;643;1414485649233;Opisanie;204.120.132.247;DZ;Algeria;
0;22b4e991bd655e3588564116;2;0;Request processed successfully;16321;643;1414485649233;Opisanie;18.224.5.248;DZ;Algeria;
0;76cc3489a4c653ad981ceae0;2;0;Request processed successfully;45214;643;1414485649233;Opisanie;87.64.5.151;DZ;Algeria;
0;8539b76baf9b5e6db29b4387;2;0;Request processed successfully;24721;643;1414485649233;Opisanie;113.171.227.195;DZ;Algeria;
0;ee2cd9df048250b7b65af2e8;2;0;Request processed successfully;64615;643;1414485649233;Opisanie;225.52.93.22;DZ;Algeria;
0;2c8a5d84b53054aa94128be3;2;0;Request processed successfully;65374;643;1414485649233;Opisanie;63.175.231.108;DZ;Algeria;
0;32c4fe6481b550768b1bba39;2;0;Request processed successfully;32531;643;1414485649233;Opisanie;33.87.196.28;DZ;Algeria;
0;898eba26509c5b3185655b1b;2;0;Request processed successfully;39329;643;1414485649233;Opisanie;99.99.25.185;DZ;Algeria;
0;3dd453e1e2d0512986619b0b;2;0;Request processed successfully;36754;643;1414485649233;Opisanie;58.177.142.117;DZ;Algeria;
0;3483062c77ab5e1981d80bc9;2;0;Request processed successfully;64052;643;1414485649233;Opisanie;119.83.232.21;DZ;Algeria;
0;b9660f7a184b5a31817d553b;2;0;Request processed successfully;14871;643;1414485649233;Opisanie;218.83.61.88;DZ;Algeria;
0;bf9adba0152d5f78afa0fbfb;2;0;Request processed successfully;4237;643;1414485649233;Opisanie;172.29.254.136;DZ;Algeria;
0;1ed8eccb5b4e5c3eaa07c2a3;2;0;Request processed successfully;29287;643;1414485649233;Opisanie;53.246.62.79;DZ;Algeria;
0;fb1c8806f55d524eb3530314;2;0;Request processed successfully;5890;643;1414485649233;Opisanie;120.113.181.228;DZ;Algeria;
0;c448484cc94f576cbb15eff4;2;0;Request processed successfully;53355;643;1414485649233;Opisanie;61.75.176.237;DZ;Algeria;
0;83b4a8b6db9d5ff1a67c3399;2;0;Request processed successfully;64068;643;1414485649233;Opisanie;124.73.4.90;DZ;Algeria;
0;75c77d54af9958ba9224362a;2;0;Request processed successfully;36598;643;1414485649233;Opisanie;25.109.90.251;DZ;Algeria;
0;244d344e3e7b51e5b32cd0d8;2;0;Request processed successfully;61659;643;1414485649233;Opisanie;38.216.188.56;DZ;Algeria;
0;c804f36fd02a5ed999d1a206;2;0;Request processed successfully;36919;643;1414485649233;Opisanie;98.254.133.233;DZ;Algeria;
0;f9bdfd25f1335357873c38e0;2;0;Request processed successfully;46705;643;1414485649233;Opisanie;122.31.149.72;DZ;Algeria;
0;c32ba2e8acf150919a85a1a1;2;0;Request processed successfully;16010;643;1414485649233;Opisanie;140.38.44.4;DZ;Algeria;
0;f62d990c3ace5afca8efc572;2;0;Request processed successfully;41588;643;1414485649233;Opisanie;165.111.43.102;DZ;Algeria;
0;58dddcf6a35c52d685316eac;2;0;Request processed successfully;19895;643;1414485649233;Opisanie;115.246.104.80;DZ;Algeria;
0;ccb7cf5a7f78507e9a8949b3;2;0;Request processed successfully;6627;643;1414485649233;Opisanie;69.104.74.11;DZ;Algeria;
0;610a864d348054ee977ae1ec;2;0;Request processed successfully;1235;643;1414485649233;Opisanie;166.187.171.36;DZ;Algeria;
0;9739e978a90759258a5e6638;2;0;Request processed successfully;55750;643;1414485649233;Opisanie;85.101.162.117;DZ;Algeria;
0;d1fc3463175c5b7b990680d0;2;0;Request processed successfully;46121;643;1414485649233;Opisanie;149.158.184.248;DZ;Algeria;
0;6c404554daa4532ebe80874f;2;0;Request processed successfully;29301;643;1414485649233;Opisanie;139.193.167.230;DZ;Algeria;
0;8931c509e26e52b7a35c0a50;2;0;Request processed successfully;39076;643;1414485649233;Opisanie;212.93.239.63;DZ;Algeria;
0;afd08dde672053eb850482fc;2;0;Request processed successfully;63933;643;1414485649233;Opisanie;121.121.223.110;DZ;Algeria;
0;ae66f6417411576e8b592c31;2;0;Request processed successfully;53963;643;1414485649233;Opisanie;168.89.135.95;DZ;Algeria;
0;b24c8359244556bcad3a81df;2;0;Request processed successfully;1234;643;1414485649233;Opisanie;38.196.113.214;DZ;Algeria;
0;8b3291163a1f5a7299721f56;2;0;Request processed successfully;48377;643;1414485649233;Opisanie;25.120.167.204;DZ;Algeria;
0;0d246f4f907c52a2894a704e;2;0;Request processed successfully;22269;643;1414485649233;Opisanie;206.50.177.253;DZ;Algeria;
0;f08b2700f3995110b236ffec;2;0;Request processed successfully;24998;643;1414485649233;Opisanie;160.81.194.69;DZ;Algeria;
0;b4f44ef79202597b96422e66;2;0;Request processed successfully;50907;643;1414485649233;Opisanie;217.88.15.76;DZ;Algeria;
0;616d234a27055be889492013;2;0;Request processed successfully;34091;643;1414485649233;Opisanie;237.59.177.171;DZ;Algeria;
0;31c5e16126bd5c2cbacb60a8;2;0;Request processed successfully;59089;643;1414485649233;Opisanie;200.3.193.250;DZ;Algeria;
0;1a580dc3377a584eb338e50e;2;0;Request processed successfully;54717;643;1414485649233;Opisanie;209.75.223.25;DZ;Algeria;
0;ef1d54a6f4a451d486136167;2;0;Request processed successfully;14672;643;1414485649233;Opisanie;21.221.32.165;DZ;Algeria;
0;50e166b9c0af5243a3959ee9;2;0;Request processed successfully;46278;643;1414485649233;Opisanie;172.106.186.227;DZ;Algeria;
0;57a4807aa371506eab3167a9;2;0;Request processed successfully;39675;643;1414485649233;Opisanie;247.213.33.78;DZ;Algeria;
0;c90f20920afd5a27b52c4276;2;0;Request processed successfully;54430;643;1414485649233;Opisanie;35.234.183.213;DZ;Algeria;
0;8679baba97cd5bc4a5cd3c16;2;0;Request processed successfully;29606;643;1414485649233;Opisanie;150.94.248.70;DZ;Algeria;
0;68f811a60d765958bf47d316;2;0;Request processed successfully;9709;643;1414485649233;Opisanie;72.6.219.209;DZ;Algeria;
0;5c19de1278de5440a9dad382;2;0;Request processed successfully;13679;643;1414485649233;Opisanie;114.199.42.106;DZ;Algeria;
0;5f4b24e3f1ea571ca89be473;2;0;Request processed successfully;45985;643;1414485649233;Opisanie;171.103.164.224;DZ;Algeria;
0;372c8b53627d564e8c79fb57;2;0;Request processed successfully;27774;643;1414485649233;Opisanie;149.230.236.251;DZ;Algeria;
0;ff3d1ab86934565d9c01ccee;2;0;Request processed successfully;59491;643;1414485649233;Opisanie;109.11.36.205;DZ;Algeria;
0;98c016678dc654f5bc593797;2;0;Request processed successfully;24714;643;1414485649233;Opisanie;99.127.91.191;DZ;Algeria;
0;5d1b7b99fb115d24aea49cee;2;0;Request processed successfully;61550;643;1414485649233;Opisanie;185.31.81.149;DZ;Algeria;
0;9242084d2b47525daf18e088;2;0;Request processed successfully;43466;643;1414485649233;Opisanie;231.73.89.129;DZ;Algeria;
0;00aed0999dee561aae271471;2;0;Request processed successfully;15723;643;1414485649233;Opisanie;245.87.15.102;DZ;Algeria;
0;e18fb96c2dc75953bc3cda88;2;0;Request processed successfully;61088;643;1414485649233;Opisanie;233.196.228.20;DZ;Algeria;
0;b434b75a80425133b30eab86;2;0;Request processed successfully;64734;643;1414485649233;Opisanie;151.180.190.112;DZ;Algeria;
0;f9613128e4c35be0adad1e76;2;0;Request processed successfully;54775;643;1414485649233;Opisanie;69.220.139.44;DZ;Algeria;
0;ddb4d7d26c4d5c7a870fbfbc;2;0;Request processed successfully;8647;643;1414485649233;Opisanie;192.1.35.247;DZ;Algeria;
0;71bee4d562935336b915db13;2;0;Request processed successfully;54834;643;1414485649233;Opisanie;102.209.141.155;DZ;Algeria;
0;bf779350e621521482e6d28e;2;0;Request processed successfully;21275;643;1414485649233;Opisanie;35.25.89.109;DZ;Algeria;
0;783eb680f08d52e8be5f915a;2;0;Request processed successfully;43329;643;1414485649233;Opisanie;105.131.15.217;DZ;Algeria;
0;9cbdc6fa0d18598a8c2e2674;2;0;Request processed successfully;57000;643;1414485649233;Opisanie;140.48.159.193;DZ;Algeria;
0;50934a92ff18534aaf52d1a0;2;0;Request processed successfully;42935;643;1414485649233;Opisanie;232.216.239.54;DZ;Algeria;
0;820b1fc1473a511e8bcfb418;2;0;Request processed successfully;29416;643;1414485649233;Opisanie;174.50.76.83;DZ;Algeria;
0;0fe6aa2260fc553d8000c72a;2;0;Request processed successfully;18925;643;1414485649233;Opisanie;106.38.78.3;DZ;Algeria;
0;86d2cedcae305e298d76cd25;2;0;Request processed successfully;49880;643;1414485649233;Opisanie;116.194.169.178;DZ;Algeria;
0;d5e7099ceca358fb919a4bf6;2;0;Request processed successfully;47288;643;1414485649233;Opisanie;145.82.84.42;DZ;Algeria;
0;4d55b87012e554158bcf2304;2;0;Request processed successfully;27780;643;1414485649233;Opisanie;107.46.136.230;DZ;Algeria;
0;c94118451d165baa99135c18;2;0;Request processed successfully;8828;643;1414485649233;Opisanie;45.86.143.43;DZ;Algeria;
0;1dc59b0f87e85a04b0d8c767;2;0;Request processed successfully;59450;643;1414485649233;Opisanie;80.147.45.107;DZ;Algeria;
0;d1fe63ecc26b525db42a879e;2;0;Request processed successfully;45383;643;1414485649233;Opisanie;205.13.204.3;DZ;Algeria;
0;06dac4ef79e25307b9969da9;2;0;Request processed successfully;41200;643;1414485649233;Opisanie;87.51.17.5;DZ;Algeria;
0;ffbf627f99385a6eb6325ed2;2;0;Request processed successfully;48664;643;1414485649233;Opisanie;42.64.81.94;DZ;Algeria;
0;af79c7e30b4b5d86b02d898a;2;0;Request processed successfully;27987;643;1414485649233;Opisanie;68.101.204.136;DZ;Algeria;
0;f21ec7bbd34e59348141a799;2;0;Request processed successfully;29843;643;1414485649233;Opisanie;205.111.91.78;DZ;Algeria;
0;2ff2e86842e45f1299e0c918;2;0;Request processed successfully;38224;643;1414485649233;Opisanie;117.161.135.188;DZ;Algeria;
0;19511ed881e951fa9b44300e;2;0;Request processed successfully;64614;643;1414485649233;Opisanie;116.184.56.181;DZ;Algeria;
0;a9c96287138a5b1f9b43cde6;2;0;Request processed successfully;63671;643;1414485649233;Opisanie;95.17.96.83;DZ;Algeria;
0;610d4ea9976451bd906ac1a2;2;0;Request processed successfully;48503;643;1414485649233;Opisanie;209.158.87.109;DZ;Algeria;
0;72efb66f97b1506b8693fa0c;2;0;Request processed successfully;38394;643;1414485649233;Opisanie;94.143.222.73;DZ;Algeria;
0;f103e33fb5d45a28ae74c1d8;2;0;Request processed successfully;60618;643;1414485649233;Opisanie;222.213.186.18;DZ;Algeria;
0;77cb22e816ad5742a78caec8;2;0;Request processed successfully;34762;643;1414485649233;Opisanie;34.145.3.156;DZ;Algeria;
0;a08ab0cb6c8e561bb1ee093b;2;0;Request processed successfully;4486;643;1414485649233;Opisanie;140.246.167.211;DZ;Algeria;
0;7790e83c9c4a5579bee741ce;2;0;Request processed successfully;3492;643;1414485649233;Opisanie;20.222.1.200;DZ;Algeria;
0;51d701506d9759fd935718b8;2;0;Request processed successfully;55680;643;1414485649233;Opisanie;121.129.253.198;DZ;Algeria;
0;495e3efd1b6b56d4b06a7f3a;2;0;Request processed successfully;23329;643;1414485649233;Opisanie;221.232.6.206;DZ;Algeria;
0;534548efa6af579d83225780;2;0;Request processed successfully;23618;643;1414485649233;Opisanie;93.158.250.82;DZ;Algeria;
0;1dbff1cb716c549485d8fdb6;2;0;Request processed successfully;58805;643;1414485649233;Opisanie;244.76.175.225;DZ;Algeria;
0;9b45aa9f29d3522fbcb3e73c;2;0;Request processed successfully;16930;643;1414485649233;Opisanie;101.72.21.142;DZ;Algeria;
0;82fd2371b0d7564683ef0866;2;0;Request processed successfully;63239;643;1414485649233;Opisanie;59.11.199.145;DZ;Algeria;
0;ba129b522680502d81c47ac9;2;0;Request processed successfully;13294;643;1414485649233;Opisanie;180.45.146.111;DZ;Algeria;
0;77ebec8fea735cb589db3587;2;0;Request processed successfully;56631;643;1414485649233;Opisanie;13.92.37.3;DZ;Algeria;
0;11aa8afacc7b588987713908;2;0;Request processed successfully;64598;643;1414485649233;Opisanie;54.125.163.48;DZ;Algeria;
0;8daf4907d48f5136909e7dd3;2;0;Request processed successfully;27812;643;1414485649233;Opisanie;122.22.46.202;DZ;Algeria;
0;1f75495070cc5373b93f0d77;2;0;Request processed successfully;32686;643;1414485649233;Opisanie;155.97.10.187;DZ;Algeria;
0;8b54d3611f545b1bb621f7d1;2;0;Request processed successfully;11221;643;1414485649233;Opisanie;129.238.245.120;DZ;Algeria;
0;a8cfb5b1bd665af28d2abf23;2;0;Request processed successfully;9852;643;1414485649233;Opisanie;241.141.227.125;DZ;Algeria;
0;9cb36ba3f3b958c88080f4ec;2;0;Request processed successfully;15921;643;1414485649233;Opisanie;220.90.41.219;DZ;Algeria;
0;d4010de6df7b56c2bf9aa7c2;2;0;Request processed successfully;60101;643;1414485649233;Opisanie;22.19.150.68;DZ;Algeria;
0;daa92cb718875fd888e64bff;2;0;Request processed successfully;35604;643;1414485649233;Opisanie;108.56.90.186;DZ;Algeria;
0;789c04035ebc5fe8bd0023a7;2;0;Request processed successfully;25462;643;1414485649233;Opisanie;50.164.95.52;DZ;Algeria;
0;2a427ac381cb5021946fb6c3;2;0;Request processed successfully;64631;643;1414485649233;Opisanie;167.71.134.98;DZ;Algeria;
0;acf70c6d027059f798868d4a;2;0;Request processed successfully;51442;643;1414485649233;Opisanie;64.59.159.247;DZ;Algeria;
0;a4c872f2a41751bd80650b30;2;0;Request processed successfully;31232;643;1414485649233;Opisanie;131.254.214.34;DZ;Algeria;
0;88e29c6da48f57c391304e38;2;0;Request processed successfully;18510;643;1414485649233;Opisanie;105.209.225.78;DZ;Algeria;
0;bffefee6c4ff547983180034;2;0;Request processed successfully;44561;643;1414485649233;Opisanie;167.176.219.84;DZ;Algeria;
0;3fec01e16e4c5edb99c066b0;2;0;Request processed successfully;1124;643;1414485649233;Opisanie;220.222.152.130;DZ;Algeria;
0;174970ceee80554e87fff7be;2;0;Request processed successfully;62184;643;1414485649233;Opisanie;218.47.71.133;DZ;Algeria;
0;984988a64a4b569cbfd3b9ee;2;0;Request processed successfully;42002;643;1414485649233;Opisanie;249.212.248.81;DZ;Algeria;
0;dd489c93bf5350aba5b6e8fc;2;0;Request processed successfully;52204;643;1414485649233;Opisanie;66.115.157.121;DZ;Algeria;
0;f697e065d78a5641be1c6bc2;2;0;Request processed successfully;21858;643;1414485649233;Opisanie;24.67.24.236;DZ;Algeria;
0;9af9d4456c865ac189bec5e7;2;0;Request processed successfully;15805;643;1414485649233;Opisanie;19.165.138.116;DZ;Algeria;
0;ffe771f0a173505eb151efaf;2;0;Request processed successfully;28790;643;1414485649233;Opisanie;184.228.6.176;DZ;Algeria;
0;2167749d34c65bdaaa47547a;2;0;Request processed successfully;59396;643;1414485649233;Opisanie;50.145.141.38;DZ;Algeria;
0;620f22ee541f5849830bd5b3;2;0;Request processed successfully;39526;643;1414485649233;Opisanie;23.50.147.132;DZ;Algeria;
0;d9462e30c851536ba1ca9b9c;2;0;Request processed successfully;28775;643;1414485649233;Opisanie;249.239.211.45;DZ;Algeria;
0;1720489ec72551159133bb9e;2;0;Request processed successfully;51017;643;1414485649233;Opisanie;120.18.222.254;DZ;Algeria;
0;31a3735dc4f25115b8e2cfe1;2;0;Request processed successfully;1118;643;1414485649233;Opisanie;22.61.199.166;DZ;Algeria;
0;45088b4d798f5831af274d4b;2;0;Request processed successfully;21323;643;1414485649233;Opisanie;199.128.121.229;DZ;Algeria;
0;577a4e8028525b56acd5bc7a;2;0;Request processed successfully;24934;643;1414485649233;Opisanie;40.14.201.121;DZ;Algeria;
0;99e6b40e643d58f991ada873;2;0;Request processed successfully;448;643;1414485649233;Opisanie;239.91.77.48;DZ;Algeria;
0;de5e6093aef35290a4e7747e;2;0;Request processed successfully;50992;643;1414485649233;Opisanie;124.90.139.50;DZ;Algeria;
0;8ea01bd9b0b55a2aa9013be2;2;0;Request processed successfully;27230;643;1414485649233;Opisanie;72.22.85.89;DZ;Algeria;
0;ce552f1913c856a78ecbb0b5;2;0;Request processed successfully;17704;643;1414485649233;Opisanie;185.179.75.213;DZ;Algeria;
0;cb80fc8442315906a9453bc7;2;0;Request processed successfully;55496;643;1414485649233;Opisanie;246.71.250.35;DZ;Algeria;
0;1f03ff88cc82549fbd8b73b9;2;0;Request processed successfully;64409;643;1414485649233;Opisanie;209.235.196.32;DZ;Algeria;
0;7bb8e205cd1d5f1aa75b2724;2;0;Request processed successfully;12463;643;1414485649233;Opisanie;149.204.149.80;DZ;Algeria;
0;dfaa4a63f4565b6eb5de9334;2;0;Request processed successfully;30405;643;1414485649233;Opisanie;6.194.204.130;DZ;Algeria;
0;f54cee1ab6215662b2c8f4c8;2;0;Request processed successfully;61254;643;1414485649233;Opisanie;125.183.228.52;DZ;Algeria;
0;810bce3bd06a55bf858e3d00;2;0;Request processed successfully;31070;643;1414485649233;Opisanie;217.123.55.21;DZ;Algeria;
0;5ad56064434754b8bd5fca78;2;0;Request processed successfully;8066;643;1414485649233;Opisanie;66.67.12.160;DZ;Algeria;
0;7e1961c7ad3b50c39933c492;2;0;Request processed successfully;22107;643;1414485649233;Opisanie;139.89.152.122;DZ;Algeria;
0;6047531d09d45167bff1505e;2;0;Request processed successfully;15376;643;1414485649233;Opisanie;33.112.206.122;DZ;Algeria;
0;c1d069c7ac415e00a9cfa02c;2;0;Request processed successfully;37176;643;1414485649233;Opisanie;72.78.178.184;DZ;Algeria;
0;250edd54d00758018af061b2;2;0;Request processed successfully;22808;643;1414485649233;Opisanie;136.142.92.192;DZ;Algeria;
0;2dfa28441bd551b28c67d90e;2;0;Request processed successfully;29855;643;1414485649233;Opisanie;115.106.47.231;DZ;Algeria;
0;7b40e8890bd153c7ba581a80;2;0;Request processed successfully;53869;643;1414485649233;Opisanie;137.235.244.17;DZ;Algeria;
0;97876930246e5a3bbd2a8038;2;0;Request processed successfully;49011;643;1414485649233;Opisanie;116.65.194.1;DZ;Algeria;
0;4e2b20658bfd52fd84871674;2;0;Request processed successfully;13449;643;1414485649233;Opisanie;241.95.166.220;DZ;Algeria;
0;27c2aa27373559e48100232f;2;0;Request processed successfully;25356;643;1414485649233;Opisanie;183.59.145.81;DZ;Algeria;
0;0e0df3d355cc556580948431;2;0;Request processed successfully;18613;643;1414485649233;Opisanie;205.187.167.80;DZ;Algeria;
0;c89d3544532352acad97489f;2;0;Request processed successfully;64006;643;1414485649233;Opisanie;202.77.149.149;DZ;Algeria;
0;b0a639a65b73589fbef74042;2;0;Request processed successfully;5653;643;1414485649233;Opisanie;218.209.141.251;DZ;Algeria;
0;a36852f2075b522e92e1c400;2;0;Request processed successfully;29279;643;1414485649233;Opisanie;64.105.179.87;DZ;Algeria;
0;94076100b4a05c0e9ba640da;2;0;Request processed successfully;40870;643;1414485649233;Opisanie;173.118.208.3;DZ;Algeria;
0;55b282ba6fe85d1e88e41fc2;2;0;Request processed successfully;16204;643;1414485649233;Opisanie;55.123.141.77;DZ;Algeria;
0;ce75be2cc3c85f8888c7c8e2;2;0;Request processed successfully;56601;643;1414485649233;Opisanie;217.71.252.216;DZ;Algeria;
0;b0f266eb367a5955bd1d96a3;2;0;Request processed successfully;28480;643;1414485649233;Opisanie;9.62.14.217;DZ;Algeria;
0;898324c9b7c35ef2b8bc913d;2;0;Request processed successfully;2203;643;1414485649233;Opisanie;107.180.3.90;DZ;Algeria;
0;4a8896d4b1fd5ad387d09497;2;0;Request processed successfully;46873;643;1414485649233;Opisanie;178.147.114.211;DZ;Algeria;
0;752ffbdc29c05f6d97ed9be7;2;0;Request processed successfully;33009;643;1414485649233;Opisanie;32.12.48.147;DZ;Algeria;
0;fd9f009a8bfb52a580ec724c;2;0;Request processed successfully;5212;643;1414485649233;Opisanie;36.158.170.65;DZ;Algeria;
0;d77d5cd989d7525a9d61b905;2;0;Request processed successfully;18609;643;1414485649233;Opisanie;225.201.104.61;DZ;Algeria;
0;e751d4358db85f4ca86ce61e;2;0;Request processed successfully;62042;643;1414485649233;Opisanie;135.152.243.121;DZ;Algeria;
0;928e568377605cafbaf4f723;2;0;Request processed successfully;54639;643;1414485649233;Opisanie;56.182.117.132;DZ;Algeria;
0;cf5c77b4157750bd924cfc40;2;0;Request processed successfully;49866;643;1414485649233;Opisanie;126.217.39.40;DZ;Algeria;
0;dc5a88f19e7b5d7c97b986b4;2;0;Request processed successfully;56789;643;1414485649233;Opisanie;237.102.212.106;DZ;Algeria;
0;fe436ac54ef15577970714d0;2;0;Request processed successfully;64018;643;1414485649233;Opisanie;179.149.81.61;DZ;Algeria;
0;6a5ddc0272b85000bae95cfa;2;0;Request processed successfully;55190;643;1414485649233;Opisanie;75.10.32.148;DZ;Algeria;
0;09431db9cf955eaf912e16c8;2;0;Request processed successfully;56530;643;1414485649233;Opisanie;245.112.52.137;DZ;Algeria;
0;adfa80517b805149b5f06f5d;2;0;Request processed successfully;34158;643;1414485649233;Opisanie;85.154.185.168;DZ;Algeria;
0;61817c6a057154a0b2dce697;2;0;Request processed successfully;12755;643;1414485649233;Opisanie;130.15.250.222;DZ;Algeria;
0;12e67e9ba7b659a5b6cb0216;2;0;Request processed successfully;59432;643;1414485649233;Opisanie;116.240.107.198;DZ;Algeria;
0;07ff80e66d4c5f639dbc1d38;2;0;Request processed successfully;17812;643;1414485649233;Opisanie;178.130.214.24;DZ;Algeria;
0;7289c4454d3551b596c1dd02;2;0;Request processed successfully;44015;643;1414485649233;Opisanie;67.28.170.76;DZ;Algeria;
0;dd666fcbe6005943a73dbd64;2;0;Request processed successfully;30783;643;1414485649233;Opisanie;132.253.183.153;DZ;Algeria;
0;7537133d27c551ada0740fd4;2;0;Request processed successfully;34034;643;1414485649233;Opisanie;42.250.147.13;DZ;Algeria;
0;a92eca73f0d25aa7afdf3ba9;2;0;Request processed successfully;57411;643;1414485649233;Opisanie;218.146.240.210;DZ;Algeria;
0;b01efeb377f558b7b8c9ea2d;2;0;Request processed successfully;54247;643;1414485649233;Opisanie;31.165.61.152;DZ;Algeria;
0;29791a17c9b25f58861a1d6d;2;0;Request processed successfully;38600;643;1414485649233;Opisanie;162.70.110.236;DZ;Algeria;
0;62a4df30d26555b089002b4e;2;0;Request processed successfully;5832;643;1414485649233;Opisanie;62.237.176.193;DZ;Algeria;
0;b40fd1178ffe53c7baef66e0;2;0;Request processed successfully;47255;643;1414485649233;Opisanie;154.100.1.21;DZ;Algeria;
0;7f227273d88a5d169c0ad226;2;0;Request processed successfully;60374;643;1414485649233;Opisanie;64.178.206.3;DZ;Algeria;
0;e0b5a445b92d5a57b2639dba;2;0;Request processed successfully;8518;643;1414485649233;Opisanie;167.175.117.3;DZ;Algeria;